,baseMean,log2FoldChange,lfcSE,stat,pvalue,padj,outlier
MUC13,119.386.946.334.315,778.439.853.844.395,109.420.899.368.326,711.417.890.310.018,"1,13E+02","2,56E+05",FALSE
SRCIN1,951.780.714.669.714,-693.815.554.864.275,138.067.145.694.154,-502.520.387.001.563,"5,03E+07",125.111.380.794.164,FALSE
LYZ,122.219.570.945.017,582.961.441.955.181,119.877.939.815.366,486.295.846.302.538,"1,16E+08",250.025.344.730.565,FALSE
CDH17,135.599.184.215.927,531.169.495.638.247,915.534.008.461.137,580.174.510.973.171,"6,56E+05","4,41E+08",FALSE
MEG3,246.967.321.177.555,-510.125.556.043.806,123.234.057.928.745,-413.948.517.656.348,"3,48E+09",376.285.207.781.103,FALSE
MYO7B,829.837.384.514.489,500.712.905.714.525,133.171.057.475.643,375.992.287.818.325,169.965.745.916.352,117.814.805.785.758,FALSE
KRT15,15.537.705.583.004,476.206.181.117.536,120.383.122.744.452,395.575.534.394.817,"7,63E+09",666.515.615.027.517,FALSE
AGR2,608.951.079.710.576,45.201.302.328.108,927.501.799.767.331,487.344.631.993.674,"1,10E+08",242.888.041.674.286,FALSE
S100A14,317.488.983.989.871,424.889.497.627.729,785.113.699.144.151,541.182.121.889.988,"6,24E+06","2,58E+09",FALSE
LOC102724238,636.486.186.933.944,418.868.584.231.102,482.667.180.379.538,867.820.728.771.595,"4,02E-04","3,65E+00",FALSE
FXYD3,297.240.861.560.385,413.434.137.125.856,887.939.445.681.278,465.610.734.084.063,"3,22E+08",609.611.748.319.505,FALSE
OGN,183.654.981.680.262,410.981.005.919.037,615.087.938.213.618,668.166.257.840.525,"2,36E+02","3,90E+06",FALSE
C6orf222,743.790.272.791.473,410.231.581.702.386,104.701.220.507.879,391.811.651.967.815,"8,92E+09",743.268.179.849.234,FALSE
HBG2,389.432.328.221.371,408.408.383.568.283,720.782.176.853.624,56.661.831.643.934,"1,46E+06","8,45E+08",FALSE
PLA2G2A,147.154.666.731.964,40.600.983.883.296,512.174.549.093.507,792.717.716.160.542,"2,24E-01","8,14E+02",FALSE
GATA4,667.650.027.848.833,404.066.314.013.194,616.301.288.773.902,655.631.135.896.311,"5,52E+03","7,26E+06",FALSE
OLR1,117.588.036.148.512,390.854.206.652.535,588.439.964.821.748,664.221.042.109.085,"3,09E+03","4,68E+06",FALSE
MYBPC1,175.901.766.752.599,385.430.013.532.398,104.573.221.468.355,368.574.294.757.702,228.036.428.172.689,144.803.131.889.658,FALSE
LRRN4,901.799.330.187.314,379.616.056.903.133,799.424.174.059.307,474.861.868.356.474,"2,05E+08",413.100.374.298.729,FALSE
CYP24A1,218.582.669.758.884,379.378.755.047.931,77.237.692.188.911,49.118.344.204.282,"9,02E+07",202.300.613.545.926,FALSE
TAP1,942.480.144.965.508,374.815.967.526.668,967.544.180.998.348,387.388.994.619.263,107.111.798.064.455,83.847.300.200.369,FALSE
SFTPD,509.245.040.133.929,370.813.116.046.251,662.168.653.845.153,55.999.799.128.662,"2,14E+06","1,15E+09",FALSE
C7,102.912.411.985.869,370.137.544.714.518,788.520.416.239.294,469.407.686.968.744,"2,68E+08",51.742.103.561.014,FALSE
LAMC2,135.672.292.415.992,369.765.944.705.351,720.734.735.930.445,513.040.271.644.456,"2,89E+07","8,41E+09",FALSE
ASPN,545.983.650.809.278,366.135.547.864.616,674.893.863.397.612,542.508.337.564.936,"5,79E+06","2,45E+09",FALSE
ROR1-AS1,644.961.164.422.963,361.879.564.752.894,107.006.778.238.324,338.183.777.430.363,720.026.520.841.971,320.500.040.318.898,FALSE
VOPP1,425.628.542.073.231,354.592.307.000.142,664.390.032.763.085,533.711.057.532.656,"9,44E+06","3,57E+09",FALSE
ARHGAP8,806.405.438.787.295,35.438.297.337.242,563.705.742.832.887,62.866.660.110.908,"3,24E+03","3,47E+07",FALSE
HAND2,19.733.417.727.859,3.494.989.679.128,719.278.197.440.786,485.902.352.047.272,"1,18E+08",252.045.024.993.176,FALSE
GATA6,150.109.840.871.621,341.418.426.260.475,540.726.763.395.657,631.406.561.266.608,"2,72E+04","3,09E+07",FALSE
MYH8,27.389.895.985.722,339.813.988.584.583,669.119.834.162.941,507.852.213.063.876,"3,80E+07",103.106.266.539.405,FALSE
SPRR2F,161.356.868.890.164,338.800.782.733.249,741.428.223.621.583,456.956.954.077.553,"4,89E+08",84.531.150.017.631,FALSE
SULT1E1,442.804.261.658.655,335.343.902.217.029,787.115.291.226.714,426.041.656.101.481,"2,04E+09",264.691.708.072.706,FALSE
DUOX2,70.362.166.579.527,332.989.044.912.678,975.222.592.493.512,341.449.272.684.783,639.008.995.843.568,298.726.654.974.119,FALSE
LAMB3,854.637.349.307.645,332.521.082.883.639,744.550.840.093.925,446.606.282.576.609,"7,97E+08",129.189.930.827.162,FALSE
FMOD,317.404.803.168.474,33.248.658.377.556,546.234.549.558.318,608.688.308.061.814,"1,15E+05","1,05E+08",FALSE
AOC1,83.129.224.285.365,322.419.127.986.473,902.164.171.508.873,357.384.097.228.364,351.782.631.190.555,20.098.852.747.479,FALSE
C9orf64,139.099.456.422.877,-322.370.358.843.886,960.778.807.904.062,-335.530.255.446.763,79.278.226.730.489,343.620.972.709.406,FALSE
TRIM29,280.424.558.618.712,32.221.502.612.641,902.241.680.437.443,357.127.179.017.254,355.252.008.806.825,20.098.852.747.479,FALSE
ACTA1,425.764.308.110.338,319.073.396.137.794,520.980.204.590.847,612.448.214.588.843,"9,10E+04","8,70E+07",FALSE
IGFL2,12.325.323.409.753,318.319.414.263.739,562.119.159.195.827,566.284.584.071.339,"1,49E+06","8,45E+08",FALSE
ADRB3,487.829.399.226.143,314.948.612.879.904,764.731.559.656.415,411.842.049.544.034,"3,81E+09",39.363.775.111.815,FALSE
RPL17-C18orf32,302.973.674.812.912,-313.145.174.699.822,621.818.747.854.145,-503.595.582.765.017,"4,75E+07",121.950.889.885.564,FALSE
GJB2,536.417.076.228.845,311.697.245.286.504,376.523.960.427.276,827.828.446.648.635,"1,25E-02","5,67E+01",FALSE
ACE2,296.887.661.213.134,311.349.709.218.365,844.549.307.779.008,368.657.822.995.736,22.728.959.323.265,144.803.131.889.658,FALSE
MYL1,312.219.879.691.265,310.629.414.002.658,750.898.695.672.496,413.676.859.199.312,"3,52E+09",378.512.857.780.091,FALSE
GATA6-AS1,150.142.138.804.199,309.605.418.324.602,457.411.921.509.607,676.863.465.435.715,"1,30E+03","2,36E+06",FALSE
TCF21,29.381.056.212.049,30.796.720.906.735,772.985.932.953.589,398.412.436.679.933,"6,77E+09",611.957.008.452.452,FALSE
PCDHB5,849.388.800.663.446,306.897.066.925.599,907.873.407.850.626,338.039.493.470.981,723.817.423.055.689,321.399.711.983.236,FALSE
SMYD1,65.282.594.977.951,304.786.992.814.251,896.980.029.097.767,339.792.395.512.777,678.992.911.573.218,308.537.724.320.841,FALSE
FDCSP,140.955.139.030.475,301.554.854.864.506,784.820.044.192.968,384.234.395.000.188,121.864.895.458.018,933.834.753.760.785,FALSE
PKHD1L1,104.802.207.941.911,300.839.304.010.611,746.077.172.694.127,403.228.131.111.777,"5,52E+09",522.488.274.311.639,FALSE
WT1,178.695.929.083.676,296.977.240.432.642,825.464.637.731.286,359.769.791.288.525,321.046.187.444.634,188.081.284.199.419,FALSE
C3,206.512.498.986.137,294.371.331.643.304,644.179.524.308.289,456.970.953.802.663,"4,88E+08",84.531.150.017.631,FALSE
HHIP,709.789.954.622.379,293.094.253.319.051,747.678.263.327.565,392.005.850.236.472,"8,85E+09",740.897.460.391.533,FALSE
TM4SF1,433.832.293.770.725,290.745.424.317.595,420.689.581.760.388,691.116.293.160.771,"4,81E+02","9,70E+05",FALSE
UPK1B,18.593.540.239.717,290.437.417.750.036,564.743.530.021.901,514.281.974.578.394,"2,71E+07","8,06E+09",FALSE
TCN1,258.002.932.095.783,289.979.841.834.679,807.434.073.834.671,35.913.748.407.657,3.289.381.361.414,19.146.940.674.564,FALSE
VIL1,745.463.657.231.805,289.668.801.823.089,84.884.689.120.633,341.249.764.620.601,643.704.828.611.085,298.985.253.002.709,FALSE
ACSL5,125.257.100.569.363,275.638.238.732.471,859.969.522.178.374,320.520.938.967.995,134.964.258.823.906,484.404.328.952.758,FALSE
CLDN7,439.778.642.485.843,273.454.316.484.513,707.585.626.680.667,386.461.095.552.924,111.266.402.813.313,86.355.091.516.777,FALSE
AGTR2,89.085.124.174.649,271.685.528.474.431,796.985.111.810.754,340.891.598.159.419,652.215.635.820.338,300.671.767.622.721,FALSE
ACTC1,17.052.953.210.098,269.657.871.178.428,644.247.467.593.562,418.562.562.900.981,"2,84E+09",32.687.699.743.897,FALSE
SULT1A3,636.221.476.317.033,268.567.596.013.941,787.788.163.523.498,34.091.346.944.429,651.692.941.538.393,300.671.767.622.721,FALSE
CPED1,735.360.826.848.729,268.287.838.300.374,631.909.626.243.705,42.456.678.480.303,"2,18E+09",272.970.208.227.213,FALSE
RARRES1,791.638.112.400.876,263.414.689.158.963,437.327.203.101.208,602.328.616.402.128,"1,71E+05","1,41E+08",FALSE
SVEP1,11.056.909.673.078,262.605.310.001.876,567.030.887.925.774,463.123.465.747.164,"3,63E+08",666.805.183.152.942,FALSE
CRYGA,256.892.459.182.401,261.929.236.158.282,552.511.671.063.799,474.070.051.142.932,"2,13E+08",420.428.250.465.699,FALSE
IRF6,138.764.191.103.552,26.055.916.447.401,642.415.567.968.489,405.592.855.257.193,"4,99E+09",487.569.375.374.773,FALSE
KRT4,821.494.995.490.882,25.739.395.830.215,615.228.164.533.729,418.371.545.940.561,"2,87E+09",327.563.933.848.378,FALSE
WT1-AS,14.959.751.176.526,256.658.842.334.121,784.326.138.696.473,327.234.844.883.126,106.658.036.427.221,428.543.495.476.718,FALSE
OSR1,297.211.025.554.471,254.701.944.327.558,693.948.772.744.538,367.032.775.805.947,242.239.656.565.263,150.147.249.245.111,FALSE
DAW1,243.757.662.484.334,253.228.514.665.965,619.140.528.413.125,409.000.062.255.651,"4,31E+08",437.661.869.095.044,FALSE
ATP8B4,77.415.499.639.409,252.466.315.138.432,722.105.879.467.164,349.625.065.128.572,471.845.251.938.072,246.950.478.975.427,FALSE
POSTN,378.426.096.711.777,247.960.890.137.009,54.370.831.645.173,456.054.988.739.579,"5,10E+07",867.999.055.208.422,FALSE
SLC7A7,124.030.430.845.934,247.743.628.021.182,3.169.794.291.178,781.576.358.789.873,"5,46E-01","1,60E+03",FALSE
ALDH1A2,116.837.383.011.691,242.234.312.604.279,664.887.615.423.628,364.323.694.689.277,269.230.784.825.143,161.369.646.310.542,FALSE
KRT17,496.491.674.147.691,242.167.732.812.725,71.274.121.040.386,339.769.511.398.822,679.561.090.954.993,308.537.724.320.841,FALSE
RAB7B,142.586.915.215.861,241.509.714.423.548,707.065.217.500.386,341.566.390.830.725,636.267.242.528.304,298.726.654.974.119,FALSE
AKR1B10,233.447.537.928.269,239.934.903.785.851,641.199.123.663.854,374.197.179.832.136,182.582.009.024.597,123.726.562.160.287,FALSE
EPCAM,712866.08.00,238.827.729.543.909,564.643.449.906.827,422.970.866.983.968,"2,34E+09",281.428.318.909.528,FALSE
COL6A3,19338827.55.00,237.092.319.911.668,536.110.945.788.613,44.224.487.818.078,"9,76E+07",152.318.937.266.429,FALSE
SCEL,198.227.430.659.593,231.384.018.783.765,497.872.325.554.282,464.745.692.635.487,"3,36E+08",622.759.658.205.712,FALSE
KCNA2,11.516.474.795.065,-230.876.181.385.872,462.794.878.645.565,-498.873.673.929.937,"6,08E+07",141.505.392.639.498,FALSE
TNFRSF8,460.231.800.135.918,228.754.802.720.229,692.215.912.556.383,330.467.414.242.802,950.868.833.748.565,396.071.763.525.406,FALSE
GOLT1A,95.511.934.550.951,227.768.813.032.461,548.412.024.569.422,415.324.250.432.493,"3,28E+09",360.795.266.208.951,FALSE
ANXA8L1,199.460.546.173.856,226.164.723.034.849,556.991.287.689.734,406.047.146.577.329,"4,90E+09",486.017.363.055.082,FALSE
RNASE1,302.266.789.961.057,225.176.621.912.244,701.836.379.732.692,320.839.199.013.889,133.479.435.136.828,481.932.409.844.918,FALSE
KRT19,465.249.641.715.191,22.272.298.938.841,206.548.794.579.608,107.830.689.519.017,"4,14E-13","7,52E-09",FALSE
DPP4,24086988.37.00,220.190.443.810.219,398.341.303.252.299,552.768.296.966.575,"3,24E+06","1,55E+08",FALSE
CASP4,132.455.603.575.009,219.590.558.814.093,589.874.212.842.095,37.226.675.456.124,197.129.012.671.168,129.712.318.808.735,FALSE
PLLP,932.156.575.403.028,216.505.603.180.241,414.500.496.994.936,522.328.935.067.324,"1,76E+07","6,14E+09",FALSE
BNC1,287.305.082.177.346,215.854.769.915.572,345.031.002.623.134,625.609.780.786.403,"3,95E+04","3,98E+07",FALSE
IL1R1,226.998.491.041.452,214.803.717.880.709,551.229.643.027.969,38.968.099.883.157,"9,75E+09",779.787.171.603.585,FALSE
P4HA3,357.955.198.658.651,212.916.028.297.524,425.862.375.024.962,499.964.403.488.436,"5,74E+07",139.079.971.318.708,FALSE
SLPI,697.992.473.892.518,208.889.776.944.848,416.780.576.659.658,501.198.445.040.366,"5,39E+07",132.210.995.860.312,FALSE
IGF1,189.791.182.504.569,207.554.157.883.248,388.339.518.579.772,534.465.713.513.555,"9,06E+06","3,50E+09",FALSE
COL3A1,9298413.35.00,207.145.459.306.233,483.988.081.593.189,427.997.025.514.249,"1,87E+09",247.219.856.840.365,FALSE
PRSS8,265.074.184.025.246,206.310.654.423.137,482.162.932.579.584,427.885.763.261.331,"1,88E+09",247.219.856.840.365,FALSE
NAALADL1,4.005.835.674.987,-205.679.692.224.491,581.168.614.825.547,-353.907.088.197.168,401.538.018.750.847,221.651.427.311.068,FALSE
EPHA1,78.550.277.867.378,204.921.438.303.236,621.078.642.309.079,32.994.442.948.701,968.764.521.947.696,400.152.439.936.044,FALSE
GATA5,378.117.468.304.535,204.109.936.236.505,563.898.671.316.422,361.962.080.456.777,295.035.048.847.296,175.674.695.821.372,FALSE
TUBA4B,199.876.217.717.619,203.705.151.506.738,617.172.983.158.872,33.006.167.973.218,964.725.494.215.666,400.008.668.960.062,FALSE
BCAS1,389.420.886.318.485,203.389.530.213.585,540.603.601.541.527,376.226.739.210.804,168.379.886.104.638,117.162.724.580.319,FALSE
MGP,357.316.578.368.561,203.242.562.429.563,532.626.953.729.177,381.585.199.559.587,135.713.837.317.485,102.269.668.029.993,FALSE
CLDN4,275.635.391.953.868,203.151.951.540.383,551.831.300.997.132,368.141.406.935.956,231.943.963.648.702,145.755.512.935.089,FALSE
LINC01105,137.330.435.194.694,202.654.246.853.489,396.356.913.811.722,511.292.322.125.997,"3,17E+07","9,00E+09",FALSE
EMCN,202.402.990.100.779,201.409.800.342.525,389.980.860.081.822,516.460.731.688.903,"2,41E+07","7,54E+09",FALSE
RAB17,147.494.705.311.445,201.168.088.809.348,389.352.832.629.505,516.672.981.292.454,"2,38E+07","7,54E+09",FALSE
ESRP1,605.891.792.475.319,201.163.897.494.623,374.335.473.241.705,537.389.352.263.532,"7,71E+06","3,04E+09",FALSE
TINAGL1,511.216.882.342.399,201.131.401.096.953,362.122.363.169.531,555.423.860.974.836,"2,79E+06","1,41E+09",FALSE
ANXA8,231.327.411.800.404,201.032.525.027.398,49.040.153.189.052,409.934.537.219.753,"4,14E+09",425.111.427.146.302,FALSE
COL14A1,146.917.894.124.895,19.981.980.902.709,583.144.437.937.691,342.659.204.182.345,611.206.579.698.246,295.314.684.718.912,FALSE
TSPEAR,108.040.033.931.845,-199.355.858.692.025,516.507.260.357.596,-385.969.131.496.823,113.530.345.252.201,877.372.170.266.052,FALSE
CASQ2,106.209.696.616.092,198.718.957.588.307,605.810.861.816.541,328.021.450.444.852,103.728.188.510.646,418.623.918.120.409,FALSE
AXDND1,367.292.102.238.635,-198.566.291.738.573,490.747.289.174.722,-404.620.251.845.908,"5,21E+09",497.565.546.163.111,FALSE
MID1,920.628.860.250.702,-198.406.390.597.323,358.434.893.356.213,-553.535.367.998.189,"3,11E+06","1,52E+09",FALSE
KLRG2,54.003.796.446.597,198.070.888.514.531,609.612.822.630.635,324.912.602.165.756,115.760.181.427.624,442.593.822.085.701,FALSE
FHL2,216.512.303.840.246,198.009.852.671.006,456.265.291.480.667,433.979.652.557.894,"1,43E+09",200.777.185.080.113,FALSE
ALOX15,28.878.127.704.275,197.460.795.379.976,342.542.964.581.922,576.455.556.811.624,"8,19E+05","5,31E+08",FALSE
LGALS2,547.324.031.923.114,197.039.789.029.921,601.721.353.154.758,327.460.190.662.777,105.810.967.445.779,426.082.700.617.027,FALSE
CRYGS,16.662.988.689.008,196.683.638.536.533,482.859.867.106.863,407.330.681.083.512,"4,64E+09",465.065.084.678.226,FALSE
ADAD2,779.237.289.252.584,196.315.149.686.185,500.633.237.416.465,392.133.671.945.706,"8,81E+09",740.389.574.806.675,FALSE
MPZL2,284.185.958.752.201,195.148.629.017.632,584.366.082.322.314,333.949.274.129.834,839.315.443.823.248,359.500.183.379.104,FALSE
ELF3,143.061.685.883.203,19.119.638.817.371,575.626.429.684.851,332.153.595.307.269,895.234.477.793.167,377.223.975.665.933,FALSE
OLFML1,273.575.510.706.951,187.118.407.755.452,471.628.616.022.738,396.749.479.141.934,"7,26E+09",646.603.700.861.103,FALSE
CCBE1,177.690.914.089.483,186.362.868.365.918,505.961.607.909.163,36.833.401.082.751,230.197.695.762.604,145.666.214.381.347,FALSE
SPON2,434.362.770.788.654,182.826.941.952.913,534.768.281.713.422,341.880.676.556.072,628.963.754.936.889,298.240.489.645.139,FALSE
COL15A1,201.433.833.450.714,182.779.544.296.854,540.303.809.143.421,338.290.312.234.938,717.239.283.111.856,320.043.799.031.804,FALSE
MIR614,395.410.524.379.386,182.273.115.411.085,507.855.854.347.046,358.907.185.672.664,331.857.367.642.843,192.551.490.535.516,FALSE
C19orf33,975.695.632.146,180.692.151.894.828,47.988.400.597.714,376.532.973.894.187,166.329.432.967.461,116.858.525.319.718,FALSE
CYP2W1,62.722.218.040.456,180.257.400.045.796,435.142.827.760.317,414.248.813.369.122,"3,44E+09",373.614.344.321.164,FALSE
COL1A1,333919.09.00,180.166.487.124.319,331.697.054.379.574,543.165.773.543.914,"5,58E+05","2,41E+09",FALSE
CBLC,830.213.690.559.729,179.296.281.513.383,485.256.299.745.104,369.487.797.701.057,219.992.411.391.033,141.676.673.165.693,FALSE
GBP1P1,280.634.244.670.482,17.915.096.741.024,540.536.503.442.924,331.431.765.050.364,918.670.783.546.421,385.311.318.706.387,FALSE
TGFBI,234.043.423.136.832,178.982.507.891.425,484.631.100.228.712,369.317.007.940.593,221.475.789.282.012,14.212.797.912.193,FALSE
C2orf80,280.155.348.051.537,-177.798.473.864.754,492.065.517.814.167,-361.330.894.825.882,302.314.130.402.103,178.838.010.496.176,FALSE
CA9,649.678.803.126.719,177.792.931.622.826,449.469.322.652.009,395.561.883.008.594,"7,63E+09",666.515.615.027.517,FALSE
LTBR,114.849.662.606.389,177.656.154.397.527,348.316.715.601.497,510.042.000.398.225,"3,39E+06","9,36E+09",FALSE
CNGA3,260.646.844.577.831,-177.042.374.082.811,508.028.830.876.596,-348.488.832.370.648,492.342.480.782.719,255.469.479.814.142,FALSE
BGN,830.369.457.252.213,175.888.345.491.093,398.407.501.699.613,441.478.498.122.526,"1,01E+07",15.497.925.329.467,FALSE
ARHGAP22,238.945.740.086.545,175.352.462.076.551,538.731.156.771.543,32.549.159.236.935,113.425.939.045.166,435.502.849.682.718,FALSE
GRB7,530.240.539.739.021,172.932.425.631.561,462.648.602.676.278,373.787.848.123.178,185.579.599.026.591,124.762.556.724.684,FALSE
LDLRAD1,270.110.280.424.579,171.410.926.673.951,515.290.631.526.882,332.649.025.979.834,879.470.934.590.787,373.327.810.416.342,FALSE
LRG1,507.675.541.888.195,170.987.209.541.978,360.240.516.616.342,474.647.358.237.274,"2,07E+08",413.100.374.298.729,FALSE
RAC2,258.611.933.856.866,16.925.228.926.716,304.221.867.211.391,556.344.916.355.252,"2,64E+06","1,37E+09",FALSE
BFSP1,120.806.828.135.458,168.466.295.669.224,491.656.885.207.739,342.650.130.076.063,611.410.833.402.957,295.314.684.718.912,FALSE
HPN,106.735.528.140.994,167.770.446.911.496,402.428.456.886.274,416.895.087.911.011,"3,06E+09",340.942.049.750.385,FALSE
CRISPLD2,518.928.929.512.103,167.193.448.953.872,290.454.130.562.605,575.627.720.046.609,"8,60E+05","5,38E+08",FALSE
DUSP2,439.253.604.610.904,167.058.090.006.799,295.421.331.723.426,565.490.951.625.659,"1,56E+06","8,58E+08",FALSE
NMRK2,456.958.350.179.271,16.479.295.314.253,379.683.856.208.409,434.026.757.914.287,"1,42E+09",200.777.185.080.113,FALSE
PRMT8,179.735.473.843.746,-16.254.238.956.636,373.968.687.180.049,-434.641.709.689.728,"1,38E+09",197.882.425.784.459,FALSE
GPRC5A,199.865.379.676.522,160.974.715.388.406,322.574.233.847.431,49.903.153.599.225,"6,03E+07",141.505.392.639.498,FALSE
MSLN,105.147.350.160.888,159.175.930.043.459,422.865.766.619.292,376.421.887.531.901,167.070.502.785.527,116.858.525.319.718,FALSE
KLK8,110.753.351.382.635,158.744.865.552.958,425.266.384.627.997,37.328.336.142.021,189.337.672.894.989,126.417.701.376.688,FALSE
TMEM119,142.668.962.138.952,158.698.551.130.155,464.616.610.321.754,341.568.828.157.594,636.210.300.749.563,298.726.654.974.119,FALSE
SLC5A10,321.907.830.277.971,157.442.791.374.659,390.670.496.563.461,403.006.607.254.981,"5,58E+09",524.704.006.425.675,FALSE
GBP1,151.064.500.081.619,157.162.193.796.254,376.039.561.263.988,417.940.583.878.945,"2,92E+09",331.746.648.699.812,FALSE
GALNT6,238.786.436.855.672,156.908.657.520.331,302.193.021.348.292,519.233.226.565.767,"2,08E+07","6,83E+09",FALSE
HCP5,483.332.164.947.683,156.537.008.085.404,465.682.759.842.631,336.145.164.872.117,775.339.300.186.683,336.864.522.265.319,FALSE
GJA3,102.703.919.910.079,155.885.367.872.905,485.413.887.597.663,321.139.077.096.433,132.094.176.593.143,479.302.167.924.715,FALSE
PTPRQ,665.065.070.955.032,155.497.303.217.398,453.799.723.220.173,3.426.562.319.474,611.273.476.262.457,295.314.684.718.912,FALSE
MCHR1,63.370.805.819.284,-155.457.048.165.768,435.142.807.240.856,-357.255.240.300.275,353.518.711.670.334,20.098.852.747.479,FALSE
SPDYE6,688.189.002.031.782,-155.025.861.250.657,406.941.508.180.927,-380.953.670.574.524,139.227.436.670.947,103.265.269.249.846,FALSE
EN2,489.447.843.107.456,-154.446.734.303.012,373.867.361.937.919,-41.310.568.941.468,"3,61E+09",383.504.232.080.222,FALSE
THCAT155,296.438.639.946.205,-153.393.346.134.236,403.327.083.886.993,-380.319.974.190.512,142.839.093.894.561,104.600.838.073.352,FALSE
ST8SIA3,739.338.669.327.032,-153.232.637.958.294,364.962.488.356.067,-41.985.859.601.219,"2,69E+08",310.688.320.261.701,FALSE
STRIP2,819.431.332.116.319,152.813.362.190.175,391.979.678.029.286,38.985.021.610.931,"9,68E+09",778.138.687.747.394,FALSE
CRB3,264.298.475.584.252,151.817.812.784.942,37.952.586.620.311,400.019.672.713.675,"6,33E+09",583.455.296.985.169,FALSE
SPINT1,555.457.223.189.569,151.379.891.872,303.181.498.606.098,49.930.451.748.534,"5,94E+07",141.505.392.639.498,FALSE
KDR,876.397.616.942.577,150.717.360.091.605,355.940.141.852.783,423.434.567.697.457,"2,29E+09",280.253.686.399.116,FALSE
AQP5,415.914.253.686.166,149.069.081.898.946,430.166.537.689.433,346.538.070.347.464,529.481.374.724.108,265.632.907.358.136,FALSE
LINC00092,154.594.333.757.309,-148.886.097.640.202,385.215.591.987.327,-38.650.070.437.725,111.085.993.769.475,86.355.091.516.777,FALSE
MEDAG,21.567.996.517.501,148.683.264.047.361,462.560.515.217.597,321.435.269.885.538,130.738.975.001.347,476.777.213.855.314,FALSE
ESRP2,136.070.598.570.829,147.619.360.836.601,433.566.946.593.541,340.476.510.020.933,662.209.896.526.876,303.696.816.434.965,FALSE
ONECUT2,292.493.165.741.813,-146.921.761.854.108,402.316.706.567.728,-365.189.313.433.035,260.314.214.720.227,159.177.321.667.813,FALSE
CITED1,172.334.316.395.659,-146.753.328.196.302,388.063.143.944.385,-378.168.683.335.033,15.576.924.758.828,111.546.029.081.564,FALSE
POU3F2,334.603.247.144.455,-146.527.708.771.935,42.906.315.521.682,-341.506.155.889.545,637.675.981.844.914,298.726.654.974.119,FALSE
SCN1A,812.196.948.975.133,-146.511.555.364.663,353.611.819.945.215,-414.328.783.996.423,"3,42E+09",373.614.344.321.164,FALSE
CNPY1,256.682.256.256.124,-146.049.721.357.318,360.387.434.441.124,-405.257.529.535.698,"5,07E+09",48.935.116.692.291,FALSE
ACP5,349.411.595.793.241,145.603.600.456.156,384.310.909.162.336,37.886.928.782.095,151.441.992.598.853,10.914.039.792.015,FALSE
USH1C,107.362.836.247.705,144.870.543.693.547,446.756.618.601.216,324.271.734.679.909,118.395.604.904.408,447.023.405.544.482,FALSE
CSF3R,653.234.601.479.104,143.853.187.775.346,422.677.540.234.631,340.337.903.205.105,665.578.783.901.595,30.447.295.451.982,FALSE
ABCC8,458.875.744.573.676,-143.680.383.934.643,406.548.808.197.845,-353.414.844.755.175,409.091.245.023.327,224.456.377.669.748,FALSE
ERBB3,880.111.200.205.053,143.121.033.000.365,401.396.030.031.475,356.558.167.725.631,363.050.070.261.346,203.647.912.752.748,FALSE
TMEM45B,63.958.462.795.779,142.089.756.174.376,441.612.940.162.947,321.751.794.958.606,129.304.935.912.036,472.496.366.418.205,FALSE
SOX1,842.374.841.705.984,-141.681.284.251.804,349.867.757.865.871,-404.956.675.962.466,"5,13E+09",493.061.912.631.103,FALSE
CPNE9,822.426.947.056.069,-14.069.546.000.637,433.414.367.917.448,-324.621.125.696.432,116.952.018.066.676,44.405.373.774.196,FALSE
PTGER2,503.842.087.725.443,139.882.458.904.768,398.607.251.528.892,35.092.803.346.712,449.321.042.971.998,24.142.365.270.457,FALSE
MFAP5,92.857.708.617.076,139.021.107.448.623,428.290.442.343.054,32.459.540.000.024,117.057.752.233.221,44.405.373.774.196,FALSE
MCOLN2,83.712.018.039.749,138.029.117.085.144,403.281.979.641.231,342.264.529.667.153,620.149.441.064.695,296.382.473.662.524,FALSE
LINC00403,13.824.503.621.434,-137.108.297.965.538,344.483.975.585.971,-398.010.670.111.186,"6,89E+09",619.311.161.954.527,FALSE
CLEC18B,131.949.917.779.742,-137.102.630.423.785,412.167.756.283.286,-332.637.932.816.738,879.821.060.834.726,373.327.810.416.342,FALSE
CDH1,587.007.296.136.947,13.673.821.383.921,421.354.143.901.502,32.452.087.114.438,117.364.569.195.606,44.405.373.774.196,FALSE
PLA2G4C,598.652.756.550.439,-136.061.106.341.027,362.786.494.873.645,-375.044.573.774.489,176.520.502.561.297,121.431.395.720.292,FALSE
PLAUR,165.493.536.481.502,136.032.323.897.114,411.730.464.108.581,330.391.690.086.938,95.344.089.273.346,396.234.326.154.059,FALSE
SCG3,255.005.805.598.417,-135.506.021.229.066,316.584.119.458.715,-428.025.326.920.218,"1,87E+09",247.219.856.840.365,FALSE
PEAR1,641.500.627.566.586,135.058.959.780.532,317.619.059.067.428,425.223.096.425.898,"2,12E+09",268.797.288.093.102,FALSE
MYRF,579.572.865.033.313,133.891.975.155.981,364.004.275.265.442,367.830.776.323.557,234.786.552.105.987,147.033.054.234.373,FALSE
GJA1,10006468.08.00,132.387.821.881.849,29.340.663.286.999,451.209.369.695.849,"6,42E+08",107.941.615.791.279,FALSE
PTPRN,385.825.940.866.822,-132.046.997.731.219,354.154.332.378.954,-372.851.566.841.558,192.610.935.083.765,127.450.672.185.994,FALSE
IGFBP7,5774665.46.00,131.805.500.333.506,261.074.430.215.106,504.857.945.011.728,"4,45E+07",118.876.393.042.273,FALSE
SLC6A15,352.108.124.238.523,131.692.663.525.761,346.375.390.277.786,380.202.136.820.824,143.520.345.520.193,104.677.630.320.973,FALSE
DCT,11154220.16.00,131.230.685.153.953,402.743.023.359.769,325.842.230.758.458,112.033.548.389.701,434.873.150.834.821,FALSE
KDF1,900.829.673.459.998,131.164.423.108.588,396.502.989.447.516,330.803.112.711.336,939.543.661.586.528,39.225.407.903.616,FALSE
LOC554249,251.805.126.138.243,-130.977.965.178.094,253.783.430.475.638,-516.101.326.759.657,"2,46E+07","7,56E+09",FALSE
HSPB8,198.939.712.085.296,130.663.408.635.382,381.321.164.208.147,342.659.733.840.681,611.194.659.309.144,295.314.684.718.912,FALSE
HTRA3,328.426.730.144.626,129.346.877.715.351,363.411.396.798.571,355.924.109.300.964,371.927.987.532.385,206.562.207.387.634,FALSE
KCNE4,299.611.520.873.004,129.226.274.338.752,30.383.152.197.776,425.322.143.988.111,"2,11E+09",268.797.288.093.102,FALSE
SOX2-OT,866.946.547.689.501,-128.529.790.079.383,330.641.970.036.338,-388.727.995.013.028,10.137.381.575.552,800.456.464.320.002,FALSE
IFI30,490.378.849.666.932,128.446.384.098.737,397.531.466.495.884,323.109.979.773.305,123.314.876.076.292,456.114.351.206.018,FALSE
TMEM92,103.597.728.141.341,128.072.374.980.896,399.325.626.605.886,320.721.652.826.196,134.026.075.831.676,482.905.185.122.891,FALSE
FGF17,127.926.166.673.899,-127.770.280.063.965,292.109.517.785.929,-437.405.398.606.699,"1,22E+09",183.051.168.620.909,FALSE
RHOD,612.041.958.404.376,127.448.014.211.838,232.201.091.690.486,548.869.143.051.748,"4,05E+06","1,84E+09",FALSE
CALB1,634.470.870.602.037,-127.312.266.336.501,393.565.970.296.959,-323.483.928.858.076,121.711.217.270.275,453.642.822.628.289,FALSE
TAGLN3,1078699.37.00,-125.882.079.244.343,340.179.910.052.796,-370.045.600.943.353,215.212.385.987.191,139.091.535.299.408,FALSE
MIR7-3HG,443.466.401.674.012,-125.714.939.538.962,352.647.087.751.677,-356.489.373.953.051,364.003.630.422.001,203.647.912.752.748,FALSE
BAMBI,18078737.45.00,125.661.330.346.693,368.026.134.002.469,341.446.758.087.702,639.067.983.266.088,298.726.654.974.119,FALSE
SFRP4,103.870.482.324.045,124.999.998.031.457,37.740.993.643.388,331.204.841.114.078,926.155.176.119.958,387.555.395.242.271,FALSE
COL16A1,783.697.396.877.879,124.492.784.115.368,355.854.987.930.344,349.841.335.200.664,468.035.140.929.806,24.566.434.087.937,FALSE
CCDC60,280.791.673.284.337,124.383.231.779.312,352.433.660.628.661,352.926.651.663.863,416.713.233.346.959,227.949.669.602.835,FALSE
ISLR,161.982.058.391.419,123.869.007.946.488,331.459.588.538.886,373.707.722.538.719,186.171.757.460.433,124.762.556.724.684,FALSE
NEK9,3883486.21.00,-123.860.693.596.042,237.504.229.900.967,-521.509.421.738.252,"1,84E+07","6,30E+09",FALSE
CALB2,430.044.517.584.748,123.283.197.699.211,311.844.290.280.539,395.335.754.226.264,"7,71E+09",6.696.295.437.335,FALSE
BSPRY,35.782.293.642.308,123.260.262.270.519,263.067.417.730.358,468.550.090.064.214,"2,79E+08",53.388.765.440.007,FALSE
S1PR5,450.428.176.655.646,12.257.808.310.512,302.207.282.238.788,405.609.296.364.559,"4,99E+09",487.569.375.374.773,FALSE
CELF3,681.505.221.575.973,-122.403.588.474.551,326.820.290.866.599,-374.528.729.994.042,18.018.745.328.913,123.486.201.478.637,FALSE
FAM101B,17653597.55.00,12.195.749.185.457,305.207.051.784.618,399.589.364.470.628,"6,45E+09",591.155.828.540.875,FALSE
SCN3A,310.647.015.729.437,-121.861.113.666.806,291.867.472.098.416,-417.522.078.738.926,"2,98E+09",335.806.121.655.653,FALSE
CAPG,128.036.379.341.872,121.417.814.549.621,3.072.218.035.896,395.212.231.459.381,"7,75E+09",669.891.206.129.508,FALSE
NPTX2,108.249.278.255.451,-120.939.979.179.669,302.231.424.462.456,-400.156.864.544.349,"6,29E+09",583.041.614.762.499,FALSE
FRK,10.945.209.810.114,120.526.774.253.354,369.760.254.264.362,325.959.247.548.502,111.572.401.181.637,434.873.150.834.821,FALSE
NPM2,163.256.163.259.532,-12.024.993.263.259,234.467.856.918.877,-512.863.188.211.744,"2,92E+07","8,41E+09",FALSE
RARRES3,293.287.687.646.718,119.692.631.019.889,351.120.147.560.784,340.887.960.578.135,652.302.606.923.363,300.671.767.622.721,FALSE
CCDC14,807.411.811.700.709,-118.857.934.986.795,217.372.325.798.448,-546.794.236.801.804,"4,55E+06","2,02E+09",FALSE
FAM21EP,658.832.465.814.432,-117.504.217.526.143,311.019.927.973.048,-377.802.857.495.117,158.074.744.863.286,112.580.213.390.672,FALSE
KSR2,14373147.37.00,-11.692.593.937.971,34.158.992.620.597,-342.299.144.118.223,619.360.274.398.845,296.382.473.662.524,FALSE
NOS2,471.151.106.197.407,-11.634.608.503.289,267.523.224.635.835,-434.900.877.078.114,"1,37E+09",197.374.691.557.562,FALSE
SIK1,268.269.712.819.692,11.601.141.336.234,223.541.598.513.619,518.970.134.121.466,"2,11E+07","6,83E+09",FALSE
LGALS1,28826805.07.00,114.795.269.492.222,322.044.218.251.917,356.458.097.944.874,3.644.379.254.702,203.647.912.752.748,FALSE
FAM212B-AS1,454.354.016.009.917,-11.459.691.716.819,271.311.747.463.409,-422.380.963.005.094,"2,40E+09",286.999.923.177.263,FALSE
TMBIM1,671.231.053.234.913,114.311.147.232.714,264.187.223.860.462,432.689.914.229.503,"1,51E+09",21.125.875.794.333,FALSE
COL1A2,5660746.04.00,113.883.689.293.905,226.473.169.363.265,502.857.312.475.877,"4,94E+07",12.464.072.647.764,FALSE
MSX2,161.937.069.826.385,113.652.062.478.273,340.157.688.500.395,334.115.812.520.112,834.296.930.348.493,358.195.426.762.624,FALSE
SH3TC1,160.405.493.644.747,113.606.309.143.484,238.602.345.122.792,476.132.408.023.981,"1,92E+07",401.476.895.257.447,FALSE
GRIA3,106.894.234.587.283,-112.978.568.576.841,33.091.458.035.239,-341.413.087.499.895,639.858.316.089.049,298.726.654.974.119,FALSE
KCNA3,469.924.340.241.035,-112.760.014.523.756,322.779.278.962.115,-349.340.933.179.885,476.894.896.797.108,248.164.797.355.122,FALSE
B4GALNT1,814.838.194.469.459,-111.557.147.080.569,327.363.858.798.623,-340.774.169.421.044,655.028.697.017.503,301.163.953.583.161,FALSE
CADM3-AS1,196.221.642.782.698,-111.284.008.285.466,33.075.637.521.964,-336.453.101.505.807,766.738.661.283.175,333.926.638.550.689,FALSE
PCDH8,143.338.717.467.989,-110.881.360.903.226,268.252.621.824.145,-413.346.792.844.825,"3,57E+09",38.173.372.789.889,FALSE
C17orf107,743.173.153.299.346,110.836.945.126.529,282.967.682.885.092,391.694.712.259.908,"8,97E+09",743.268.179.849.234,FALSE
CMYA5,641.945.243.220.467,110.414.961.559.315,338.158.539.616.187,326.518.329.788.854,10.939.326.091.117,432.368.851.548.024,FALSE
TPRN,812.693.736.781.429,110.280.853.796.052,260.556.923.622.577,42.325.052.147.068,"2,31E+09",280.253.686.399.116,FALSE
CTSC,779.784.705.808.362,109.371.705.245.573,209.363.138.102.208,522.401.919.635.822,"1,75E+06","6,14E+09",FALSE
VAMP8,330.657.434.477.391,109.270.228.864.144,319.543.843.696.089,341.956.920.841.413,62.720.375.597.284,298.184.487.230.962,FALSE
TOR4A,921.691.345.355.932,109.266.839.391.494,306.723.028.010.237,356.239.438.885.062,367.487.760.637.182,204.722.246.040.855,FALSE
ANKFY1,740.354.393.481.773,-108.135.877.029.504,332.145.550.955.431,-325.567.741.968.685,113.122.194.885.917,435.502.849.682.718,FALSE
TH,112.515.843.961.095,-108.126.337.532.905,283.841.525.521.803,-380.939.107.955.153,139.309.459.645.461,103.265.269.249.846,FALSE
DHCR24,408.186.488.329.287,107.769.006.689.308,216.723.724.700.862,497.264.463.491.751,"6,60E+07",151.829.780.925.008,FALSE
LY6E,80.527.594.363.595,107.575.619.136.374,200.028.759.666.669,537.800.760.828.793,"7,53E+06","3,04E+08",FALSE
IP6K3,16.654.816.909.255,107.371.472.338.625,308.906.580.487.781,347.585.578.038.121,509.226.049.340.296,260.107.401.818.025,FALSE
SOX2,30710294.56.00,-107.332.834.542.083,326.720.510.019.629,-328.515.753.527.793,101.925.365.627.756,41.410.885.126.749,FALSE
LAMA1,210.004.649.864.153,106.810.583.663.445,316.969.982.394.255,336.973.813.282.392,752.396.486.582.102,329.259.580.549.821,FALSE
ULK4P2,368.303.684.640.588,-106.805.750.391.867,325.354.641.993.064,-328.274.862.585.622,102.800.289.328.427,415.803.130.176.739,FALSE
PRTFDC1,9.955.620.696.678,-106.746.145.619.355,299.152.115.208.706,-356.828.984.962.658,359.318.884.267.998,202.658.082.521.463,FALSE
CAPN6,280.219.054.656.242,106.569.266.033.551,282.701.142.230.628,376.967.935.794.936,163.457.408.062.763,115.507.781.627.542,FALSE
CYP27A1,134.619.610.038.617,105.708.090.168.289,294.690.150.769.195,358.709.274.444.267,334.385.414.393.187,193.400.430.280.085,FALSE
LRRN4CL,528.124.046.781.747,105.512.446.949.177,313.460.421.291.105,336.605.324.891.047,762.519.871.725.774,332.887.581.500.283,FALSE
SMTNL2,5679041.01.00,105.380.932.354.874,181.285.931.688.319,581.296.802.093.025,"6,14E+05","4,29E+08",FALSE
SLC7A2,345.393.367.854.691,104.702.457.609.174,297.276.554.361.691,352.205.567.754.881,428.214.198.144.863,231.452.322.991.335,FALSE
ELMOD1,105.165.893.663.089,-104.602.672.473.737,303.849.217.492.795,-344.258.488.920.469,576.182.997.885.744,284.349.440.885.951,FALSE
KIF5A,596.925.752.758.113,-10.432.247.853.448,267.994.560.245.127,-389.270.880.868.102,"9,91E+09",789.614.092.189.556,FALSE
FN1,10346498.46.00,104.322.189.275.565,303.295.176.940.261,343.962.572.461.588,582.519.152.205.441,286.697.298.731.789,FALSE
CREG2,332.945.854.746.654,-104.047.898.683.821,310.202.929.098.742,-335.418.814.342.342,795.982.208.178.743,344.186.497.207.956,FALSE
ZFPM2,9.926.115.667.052,104.006.863.028.841,316.697.369.777.033,328.410.883.557.591,102.305.406.192.821,414.725.107.559.783,FALSE
UNC5A,127.852.865.812.501,-10.389.200.254.968,308.103.271.854.922,-337.198.634.484.481,746.281.483.732.906,327.372.416.088.727,FALSE
TMEM191A,329.911.162.583.513,103.692.242.475.671,205.751.042.569.949,503.969.463.194.424,"4,66E+07",121.950.889.885.564,FALSE
COBL,146.538.090.901.964,103.560.828.289.451,323.367.348.709.576,320.257.529.718.815,136.204.687.659.484,487.892.176.052.047,FALSE
RAB27A,582.668.052.025.707,103.172.480.291.334,297.159.039.782.745,347.196.169.319.851,516.670.056.193.034,26.283.599.133.114,FALSE
RPS6KL1,155.529.540.376.181,-103.051.780.564.123,275.253.623.018.038,-374.388.461.936.321,181.196.885.588.695,123.711.151.848.733,FALSE
CDH3,601.904.387.302.479,102.800.388.487.707,269.591.424.243.339,381.319.208.414.127,137.183.409.842.478,102.526.251.281.862,FALSE
UNC80,244.186.094.025.654,-102.373.378.456.212,267.038.098.839.785,-383.366.189.697.272,126.249.642.134.177,959.338.807.865.602,FALSE
LAMB1,579.229.894.036.187,102.253.878.319.815,173.175.596.651.513,590.463.554.316.973,"3,53E+04","2,57E+08",FALSE
DLC1,582.258.845.620.281,102.042.343.507.989,302.575.812.490.011,337.245.540.772.886,745.011.494.066.449,327.372.416.088.727,FALSE
SYP,346.407.724.643.987,-101.937.912.090.872,257.685.720.218.333,-395.590.069.967.793,"7,62E+09",666.515.615.027.517,FALSE
COBLL1,504.409.400.780.709,101.113.053.159.003,204.613.670.228.119,494.165.678.403.962,"7,75E+07",175.847.262.435.975,FALSE
EPS8L2,317.285.808.662.322,100.879.932.283.399,258.402.059.883.282,390.399.102.580.552,"9,46E+09",775.876.518.014.616,FALSE
FOXS1,231.088.088.327.893,100.665.076.228.354,270.955.446.046.375,371.518.925.702.362,203.051.660.184.337,132.648.244.626.178,FALSE
TMEM145,954.398.758.340.818,-100.613.106.197.154,235.032.453.370.228,-428.081.759.580.095,"1,86E+09",247.219.856.840.365,FALSE
PLIN2,503.690.474.019.655,100.564.924.527.095,207.766.836.212.767,484.027.799.432.389,"1,30E+08",273.803.740.833.948,FALSE
ACTN2,114.967.485.513.158,100.387.200.172.128,29.968.782.250.124,334.972.570.237.527,808.916.224.295.277,348.121.505.910.581,FALSE